text,label
The ministry published an advisory on its official website and asked citizens to follow the stated instructions. Reference code DEMO-R-083.,REAL
An anonymous social media account claims that the examination paper was leaked nationwide before the examination. Reference code DEMO-F-192.,FAKE
A viral post says the government will secretly cancel all examinations tomorrow without publishing an official notice. Reference code DEMO-F-023.,FAKE
The election authority issued a public notice describing the dates and procedures for the upcoming election. Reference code DEMO-R-079.,REAL
An anonymous social media account claims that the examination paper was leaked nationwide before the examination. Reference code DEMO-F-027.,FAKE
The education department released an official notice explaining the examination procedure. Reference code DEMO-R-037.,REAL
A viral post says the government will secretly cancel all examinations tomorrow without publishing an official notice. Reference code DEMO-F-158.,FAKE
An unverified post claims a hidden rule will give everyone a perfect score automatically. Reference code DEMO-F-105.,FAKE
The ministry published an advisory on its official website and asked citizens to follow the stated instructions. Reference code DEMO-R-038.,REAL
An anonymous social media account claims that the examination paper was leaked nationwide before the examination. Reference code DEMO-F-167.,FAKE
An anonymous social media account claims that the examination paper was leaked nationwide before the examination. Reference code DEMO-F-202.,FAKE
A viral post says the government will secretly cancel all examinations tomorrow without publishing an official notice. Reference code DEMO-F-208.,FAKE
The education department released an official notice explaining the examination procedure. Reference code DEMO-R-047.,REAL
A viral post says the government will secretly cancel all examinations tomorrow without publishing an official notice. Reference code DEMO-F-108.,FAKE
An unverified post claims a hidden rule will give everyone a perfect score automatically. Reference code DEMO-F-240.,FAKE
An unverified post claims a hidden rule will give everyone a perfect score automatically. Reference code DEMO-F-030.,FAKE
The university administration announced the timetable through an official circular. Reference code DEMO-R-185.,REAL
An anonymous social media account claims that the examination paper was leaked nationwide before the examination. Reference code DEMO-F-082.,FAKE
The examination authority published the official examination schedule and instructions for candidates. Reference code DEMO-R-106.,REAL
A viral WhatsApp message claims that every student will automatically receive 100 marks without taking the examination. Reference code DEMO-F-126.,FAKE
An anonymous social media account claims that the examination paper was leaked nationwide before the examination. Reference code DEMO-F-222.,FAKE
The examination authority published the official examination schedule and instructions for candidates. Reference code DEMO-R-161.,REAL
An unverified post claims a hidden rule will give everyone a perfect score automatically. Reference code DEMO-F-145.,FAKE
An unverified post claims a hidden rule will give everyone a perfect score automatically. Reference code DEMO-F-195.,FAKE
A forwarded message claims that students can guarantee admission by paying a special unofficial fee. Reference code DEMO-F-004.,FAKE
The education department released an official notice explaining the examination procedure. Reference code DEMO-R-232.,REAL
An unverified post claims a hidden rule will give everyone a perfect score automatically. Reference code DEMO-F-125.,FAKE
The university administration announced the timetable through an official circular. Reference code DEMO-R-115.,REAL
A viral post says the government will secretly cancel all examinations tomorrow without publishing an official notice. Reference code DEMO-F-123.,FAKE
A viral WhatsApp message claims that every student will automatically receive 100 marks without taking the examination. Reference code DEMO-F-106.,FAKE
An unverified post claims a hidden rule will give everyone a perfect score automatically. Reference code DEMO-F-065.,FAKE
The education department released an official notice explaining the examination procedure. Reference code DEMO-R-082.,REAL
An anonymous social media account claims that the examination paper was leaked nationwide before the examination. Reference code DEMO-F-112.,FAKE
A viral WhatsApp message claims that every student will automatically receive 100 marks without taking the examination. Reference code DEMO-F-021.,FAKE
The university administration announced the timetable through an official circular. Reference code DEMO-R-140.,REAL
A viral WhatsApp message claims that every student will automatically receive 100 marks without taking the examination. Reference code DEMO-F-011.,FAKE
The ministry published an advisory on its official website and asked citizens to follow the stated instructions. Reference code DEMO-R-218.,REAL
The university administration announced the timetable through an official circular. Reference code DEMO-R-035.,REAL
A forwarded message claims that students can guarantee admission by paying a special unofficial fee. Reference code DEMO-F-114.,FAKE
A viral WhatsApp message claims that every student will automatically receive 100 marks without taking the examination. Reference code DEMO-F-076.,FAKE
An unverified post claims a hidden rule will give everyone a perfect score automatically. Reference code DEMO-F-185.,FAKE
A forwarded message claims that students can guarantee admission by paying a special unofficial fee. Reference code DEMO-F-109.,FAKE
The ministry published an advisory on its official website and asked citizens to follow the stated instructions. Reference code DEMO-R-078.,REAL
A forwarded message claims that students can guarantee admission by paying a special unofficial fee. Reference code DEMO-F-089.,FAKE
A forwarded message claims that students can guarantee admission by paying a special unofficial fee. Reference code DEMO-F-199.,FAKE
An unverified post claims a hidden rule will give everyone a perfect score automatically. Reference code DEMO-F-070.,FAKE
A viral WhatsApp message claims that every student will automatically receive 100 marks without taking the examination. Reference code DEMO-F-071.,FAKE
The election authority issued a public notice describing the dates and procedures for the upcoming election. Reference code DEMO-R-164.,REAL
A viral post says the government will secretly cancel all examinations tomorrow without publishing an official notice. Reference code DEMO-F-088.,FAKE
The examination authority published the official examination schedule and instructions for candidates. Reference code DEMO-R-086.,REAL
The university administration announced the timetable through an official circular. Reference code DEMO-R-045.,REAL
The election authority issued a public notice describing the dates and procedures for the upcoming election. Reference code DEMO-R-049.,REAL
An unverified post claims a hidden rule will give everyone a perfect score automatically. Reference code DEMO-F-220.,FAKE
An anonymous social media account claims that the examination paper was leaked nationwide before the examination. Reference code DEMO-F-152.,FAKE
The examination authority published the official examination schedule and instructions for candidates. Reference code DEMO-R-026.,REAL
An unverified post claims a hidden rule will give everyone a perfect score automatically. Reference code DEMO-F-100.,FAKE
A forwarded message claims that students can guarantee admission by paying a special unofficial fee. Reference code DEMO-F-149.,FAKE
A viral WhatsApp message claims that every student will automatically receive 100 marks without taking the examination. Reference code DEMO-F-066.,FAKE
The examination authority published the official examination schedule and instructions for candidates. Reference code DEMO-R-061.,REAL
The university administration announced the timetable through an official circular. Reference code DEMO-R-180.,REAL
The examination authority published the official examination schedule and instructions for candidates. Reference code DEMO-R-091.,REAL
The examination authority published the official examination schedule and instructions for candidates. Reference code DEMO-R-186.,REAL
A forwarded message claims that students can guarantee admission by paying a special unofficial fee. Reference code DEMO-F-019.,FAKE
The examination authority published the official examination schedule and instructions for candidates. Reference code DEMO-R-081.,REAL
The ministry published an advisory on its official website and asked citizens to follow the stated instructions. Reference code DEMO-R-003.,REAL
An anonymous social media account claims that the examination paper was leaked nationwide before the examination. Reference code DEMO-F-047.,FAKE
The ministry published an advisory on its official website and asked citizens to follow the stated instructions. Reference code DEMO-R-153.,REAL
The university administration announced the timetable through an official circular. Reference code DEMO-R-095.,REAL
The ministry published an advisory on its official website and asked citizens to follow the stated instructions. Reference code DEMO-R-188.,REAL
An anonymous social media account claims that the examination paper was leaked nationwide before the examination. Reference code DEMO-F-227.,FAKE
The ministry published an advisory on its official website and asked citizens to follow the stated instructions. Reference code DEMO-R-048.,REAL
The university administration announced the timetable through an official circular. Reference code DEMO-R-235.,REAL
The education department released an official notice explaining the examination procedure. Reference code DEMO-R-147.,REAL
The examination authority published the official examination schedule and instructions for candidates. Reference code DEMO-R-171.,REAL
A forwarded message claims that students can guarantee admission by paying a special unofficial fee. Reference code DEMO-F-204.,FAKE
The university administration announced the timetable through an official circular. Reference code DEMO-R-205.,REAL
A forwarded message claims that students can guarantee admission by paying a special unofficial fee. Reference code DEMO-F-094.,FAKE
The ministry published an advisory on its official website and asked citizens to follow the stated instructions. Reference code DEMO-R-168.,REAL
An anonymous social media account claims that the examination paper was leaked nationwide before the examination. Reference code DEMO-F-107.,FAKE
A forwarded message claims that students can guarantee admission by paying a special unofficial fee. Reference code DEMO-F-064.,FAKE
A viral WhatsApp message claims that every student will automatically receive 100 marks without taking the examination. Reference code DEMO-F-006.,FAKE
The election authority issued a public notice describing the dates and procedures for the upcoming election. Reference code DEMO-R-004.,REAL
The education department released an official notice explaining the examination procedure. Reference code DEMO-R-222.,REAL
The election authority issued a public notice describing the dates and procedures for the upcoming election. Reference code DEMO-R-124.,REAL
The election authority issued a public notice describing the dates and procedures for the upcoming election. Reference code DEMO-R-199.,REAL
A viral post says the government will secretly cancel all examinations tomorrow without publishing an official notice. Reference code DEMO-F-213.,FAKE
A viral post says the government will secretly cancel all examinations tomorrow without publishing an official notice. Reference code DEMO-F-173.,FAKE
An unverified post claims a hidden rule will give everyone a perfect score automatically. Reference code DEMO-F-045.,FAKE
The election authority issued a public notice describing the dates and procedures for the upcoming election. Reference code DEMO-R-214.,REAL
The election authority issued a public notice describing the dates and procedures for the upcoming election. Reference code DEMO-R-014.,REAL
A forwarded message claims that students can guarantee admission by paying a special unofficial fee. Reference code DEMO-F-039.,FAKE
The ministry published an advisory on its official website and asked citizens to follow the stated instructions. Reference code DEMO-R-093.,REAL
The education department released an official notice explaining the examination procedure. Reference code DEMO-R-132.,REAL
A forwarded message claims that students can guarantee admission by paying a special unofficial fee. Reference code DEMO-F-104.,FAKE
The education department released an official notice explaining the examination procedure. Reference code DEMO-R-092.,REAL
A viral post says the government will secretly cancel all examinations tomorrow without publishing an official notice. Reference code DEMO-F-048.,FAKE
The examination authority published the official examination schedule and instructions for candidates. Reference code DEMO-R-051.,REAL
An unverified post claims a hidden rule will give everyone a perfect score automatically. Reference code DEMO-F-210.,FAKE
The ministry published an advisory on its official website and asked citizens to follow the stated instructions. Reference code DEMO-R-198.,REAL
A viral post says the government will secretly cancel all examinations tomorrow without publishing an official notice. Reference code DEMO-F-078.,FAKE
The examination authority published the official examination schedule and instructions for candidates. Reference code DEMO-R-116.,REAL
The education department released an official notice explaining the examination procedure. Reference code DEMO-R-182.,REAL
A forwarded message claims that students can guarantee admission by paying a special unofficial fee. Reference code DEMO-F-119.,FAKE
An anonymous social media account claims that the examination paper was leaked nationwide before the examination. Reference code DEMO-F-177.,FAKE
A viral post says the government will secretly cancel all examinations tomorrow without publishing an official notice. Reference code DEMO-F-043.,FAKE
An anonymous social media account claims that the examination paper was leaked nationwide before the examination. Reference code DEMO-F-162.,FAKE
A viral WhatsApp message claims that every student will automatically receive 100 marks without taking the examination. Reference code DEMO-F-086.,FAKE
An anonymous social media account claims that the examination paper was leaked nationwide before the examination. Reference code DEMO-F-197.,FAKE
An anonymous social media account claims that the examination paper was leaked nationwide before the examination. Reference code DEMO-F-077.,FAKE
An anonymous social media account claims that the examination paper was leaked nationwide before the examination. Reference code DEMO-F-157.,FAKE
The university administration announced the timetable through an official circular. Reference code DEMO-R-020.,REAL
The education department released an official notice explaining the examination procedure. Reference code DEMO-R-197.,REAL
An unverified post claims a hidden rule will give everyone a perfect score automatically. Reference code DEMO-F-035.,FAKE
The election authority issued a public notice describing the dates and procedures for the upcoming election. Reference code DEMO-R-054.,REAL
The university administration announced the timetable through an official circular. Reference code DEMO-R-175.,REAL
An unverified post claims a hidden rule will give everyone a perfect score automatically. Reference code DEMO-F-245.,FAKE
The university administration announced the timetable through an official circular. Reference code DEMO-R-215.,REAL
The university administration announced the timetable through an official circular. Reference code DEMO-R-080.,REAL
A viral WhatsApp message claims that every student will automatically receive 100 marks without taking the examination. Reference code DEMO-F-016.,FAKE
The ministry published an advisory on its official website and asked citizens to follow the stated instructions. Reference code DEMO-R-123.,REAL
The university administration announced the timetable through an official circular. Reference code DEMO-R-005.,REAL
A forwarded message claims that students can guarantee admission by paying a special unofficial fee. Reference code DEMO-F-134.,FAKE
A viral post says the government will secretly cancel all examinations tomorrow without publishing an official notice. Reference code DEMO-F-243.,FAKE
An anonymous social media account claims that the examination paper was leaked nationwide before the examination. Reference code DEMO-F-117.,FAKE
A viral WhatsApp message claims that every student will automatically receive 100 marks without taking the examination. Reference code DEMO-F-131.,FAKE
A viral WhatsApp message claims that every student will automatically receive 100 marks without taking the examination. Reference code DEMO-F-201.,FAKE
A viral WhatsApp message claims that every student will automatically receive 100 marks without taking the examination. Reference code DEMO-F-146.,FAKE
The university administration announced the timetable through an official circular. Reference code DEMO-R-100.,REAL
The education department released an official notice explaining the examination procedure. Reference code DEMO-R-067.,REAL
The ministry published an advisory on its official website and asked citizens to follow the stated instructions. Reference code DEMO-R-163.,REAL
The education department released an official notice explaining the examination procedure. Reference code DEMO-R-162.,REAL
The education department released an official notice explaining the examination procedure. Reference code DEMO-R-002.,REAL
The university administration announced the timetable through an official circular. Reference code DEMO-R-010.,REAL
The university administration announced the timetable through an official circular. Reference code DEMO-R-245.,REAL
An anonymous social media account claims that the examination paper was leaked nationwide before the examination. Reference code DEMO-F-132.,FAKE
The election authority issued a public notice describing the dates and procedures for the upcoming election. Reference code DEMO-R-039.,REAL
An anonymous social media account claims that the examination paper was leaked nationwide before the examination. Reference code DEMO-F-127.,FAKE
The ministry published an advisory on its official website and asked citizens to follow the stated instructions. Reference code DEMO-R-158.,REAL
A viral WhatsApp message claims that every student will automatically receive 100 marks without taking the examination. Reference code DEMO-F-176.,FAKE
A viral WhatsApp message claims that every student will automatically receive 100 marks without taking the examination. Reference code DEMO-F-236.,FAKE
An anonymous social media account claims that the examination paper was leaked nationwide before the examination. Reference code DEMO-F-072.,FAKE
An unverified post claims a hidden rule will give everyone a perfect score automatically. Reference code DEMO-F-225.,FAKE
The election authority issued a public notice describing the dates and procedures for the upcoming election. Reference code DEMO-R-034.,REAL
An unverified post claims a hidden rule will give everyone a perfect score automatically. Reference code DEMO-F-090.,FAKE
An anonymous social media account claims that the examination paper was leaked nationwide before the examination. Reference code DEMO-F-067.,FAKE
The ministry published an advisory on its official website and asked citizens to follow the stated instructions. Reference code DEMO-R-073.,REAL
The election authority issued a public notice describing the dates and procedures for the upcoming election. Reference code DEMO-R-204.,REAL
The examination authority published the official examination schedule and instructions for candidates. Reference code DEMO-R-141.,REAL
An unverified post claims a hidden rule will give everyone a perfect score automatically. Reference code DEMO-F-135.,FAKE
The election authority issued a public notice describing the dates and procedures for the upcoming election. Reference code DEMO-R-234.,REAL
The university administration announced the timetable through an official circular. Reference code DEMO-R-105.,REAL
A viral post says the government will secretly cancel all examinations tomorrow without publishing an official notice. Reference code DEMO-F-073.,FAKE
The education department released an official notice explaining the examination procedure. Reference code DEMO-R-217.,REAL
A forwarded message claims that students can guarantee admission by paying a special unofficial fee. Reference code DEMO-F-139.,FAKE
A viral WhatsApp message claims that every student will automatically receive 100 marks without taking the examination. Reference code DEMO-F-171.,FAKE
A viral post says the government will secretly cancel all examinations tomorrow without publishing an official notice. Reference code DEMO-F-233.,FAKE
A forwarded message claims that students can guarantee admission by paying a special unofficial fee. Reference code DEMO-F-159.,FAKE
A forwarded message claims that students can guarantee admission by paying a special unofficial fee. Reference code DEMO-F-009.,FAKE
The university administration announced the timetable through an official circular. Reference code DEMO-R-225.,REAL
The examination authority published the official examination schedule and instructions for candidates. Reference code DEMO-R-011.,REAL
The examination authority published the official examination schedule and instructions for candidates. Reference code DEMO-R-066.,REAL
The university administration announced the timetable through an official circular. Reference code DEMO-R-120.,REAL
The election authority issued a public notice describing the dates and procedures for the upcoming election. Reference code DEMO-R-149.,REAL
The election authority issued a public notice describing the dates and procedures for the upcoming election. Reference code DEMO-R-144.,REAL
The election authority issued a public notice describing the dates and procedures for the upcoming election. Reference code DEMO-R-169.,REAL
The examination authority published the official examination schedule and instructions for candidates. Reference code DEMO-R-151.,REAL
An unverified post claims a hidden rule will give everyone a perfect score automatically. Reference code DEMO-F-075.,FAKE
An anonymous social media account claims that the examination paper was leaked nationwide before the examination. Reference code DEMO-F-102.,FAKE
A forwarded message claims that students can guarantee admission by paying a special unofficial fee. Reference code DEMO-F-194.,FAKE
The university administration announced the timetable through an official circular. Reference code DEMO-R-200.,REAL
The examination authority published the official examination schedule and instructions for candidates. Reference code DEMO-R-096.,REAL
A viral WhatsApp message claims that every student will automatically receive 100 marks without taking the examination. Reference code DEMO-F-101.,FAKE
The university administration announced the timetable through an official circular. Reference code DEMO-R-210.,REAL
The ministry published an advisory on its official website and asked citizens to follow the stated instructions. Reference code DEMO-R-008.,REAL
A viral post says the government will secretly cancel all examinations tomorrow without publishing an official notice. Reference code DEMO-F-028.,FAKE
A viral post says the government will secretly cancel all examinations tomorrow without publishing an official notice. Reference code DEMO-F-038.,FAKE
The ministry published an advisory on its official website and asked citizens to follow the stated instructions. Reference code DEMO-R-143.,REAL
An unverified post claims a hidden rule will give everyone a perfect score automatically. Reference code DEMO-F-020.,FAKE
A viral WhatsApp message claims that every student will automatically receive 100 marks without taking the examination. Reference code DEMO-F-196.,FAKE
The examination authority published the official examination schedule and instructions for candidates. Reference code DEMO-R-231.,REAL
A forwarded message claims that students can guarantee admission by paying a special unofficial fee. Reference code DEMO-F-129.,FAKE
The university administration announced the timetable through an official circular. Reference code DEMO-R-090.,REAL
The education department released an official notice explaining the examination procedure. Reference code DEMO-R-107.,REAL
The education department released an official notice explaining the examination procedure. Reference code DEMO-R-237.,REAL
The examination authority published the official examination schedule and instructions for candidates. Reference code DEMO-R-211.,REAL
A forwarded message claims that students can guarantee admission by paying a special unofficial fee. Reference code DEMO-F-034.,FAKE
An unverified post claims a hidden rule will give everyone a perfect score automatically. Reference code DEMO-F-050.,FAKE
The election authority issued a public notice describing the dates and procedures for the upcoming election. Reference code DEMO-R-239.,REAL
A forwarded message claims that students can guarantee admission by paying a special unofficial fee. Reference code DEMO-F-049.,FAKE
The election authority issued a public notice describing the dates and procedures for the upcoming election. Reference code DEMO-R-099.,REAL
An unverified post claims a hidden rule will give everyone a perfect score automatically. Reference code DEMO-F-170.,FAKE
The university administration announced the timetable through an official circular. Reference code DEMO-R-145.,REAL
The university administration announced the timetable through an official circular. Reference code DEMO-R-160.,REAL
A forwarded message claims that students can guarantee admission by paying a special unofficial fee. Reference code DEMO-F-229.,FAKE
The ministry published an advisory on its official website and asked citizens to follow the stated instructions. Reference code DEMO-R-063.,REAL
The education department released an official notice explaining the examination procedure. Reference code DEMO-R-122.,REAL
The education department released an official notice explaining the examination procedure. Reference code DEMO-R-022.,REAL
The examination authority published the official examination schedule and instructions for candidates. Reference code DEMO-R-031.,REAL
The education department released an official notice explaining the examination procedure. Reference code DEMO-R-097.,REAL
The education department released an official notice explaining the examination procedure. Reference code DEMO-R-212.,REAL
The election authority issued a public notice describing the dates and procedures for the upcoming election. Reference code DEMO-R-134.,REAL
The ministry published an advisory on its official website and asked citizens to follow the stated instructions. Reference code DEMO-R-128.,REAL
The ministry published an advisory on its official website and asked citizens to follow the stated instructions. Reference code DEMO-R-193.,REAL
A forwarded message claims that students can guarantee admission by paying a special unofficial fee. Reference code DEMO-F-249.,FAKE
The election authority issued a public notice describing the dates and procedures for the upcoming election. Reference code DEMO-R-114.,REAL
A viral post says the government will secretly cancel all examinations tomorrow without publishing an official notice. Reference code DEMO-F-248.,FAKE
An anonymous social media account claims that the examination paper was leaked nationwide before the examination. Reference code DEMO-F-057.,FAKE
An unverified post claims a hidden rule will give everyone a perfect score automatically. Reference code DEMO-F-010.,FAKE
The university administration announced the timetable through an official circular. Reference code DEMO-R-110.,REAL
The university administration announced the timetable through an official circular. Reference code DEMO-R-060.,REAL
The ministry published an advisory on its official website and asked citizens to follow the stated instructions. Reference code DEMO-R-183.,REAL
A viral post says the government will secretly cancel all examinations tomorrow without publishing an official notice. Reference code DEMO-F-193.,FAKE
A forwarded message claims that students can guarantee admission by paying a special unofficial fee. Reference code DEMO-F-219.,FAKE
An anonymous social media account claims that the examination paper was leaked nationwide before the examination. Reference code DEMO-F-147.,FAKE
An anonymous social media account claims that the examination paper was leaked nationwide before the examination. Reference code DEMO-F-247.,FAKE
The university administration announced the timetable through an official circular. Reference code DEMO-R-190.,REAL
A viral WhatsApp message claims that every student will automatically receive 100 marks without taking the examination. Reference code DEMO-F-121.,FAKE
The election authority issued a public notice describing the dates and procedures for the upcoming election. Reference code DEMO-R-224.,REAL
A viral post says the government will secretly cancel all examinations tomorrow without publishing an official notice. Reference code DEMO-F-218.,FAKE
A forwarded message claims that students can guarantee admission by paying a special unofficial fee. Reference code DEMO-F-014.,FAKE
The examination authority published the official examination schedule and instructions for candidates. Reference code DEMO-R-111.,REAL
An unverified post claims a hidden rule will give everyone a perfect score automatically. Reference code DEMO-F-235.,FAKE
The election authority issued a public notice describing the dates and procedures for the upcoming election. Reference code DEMO-R-044.,REAL
A viral WhatsApp message claims that every student will automatically receive 100 marks without taking the examination. Reference code DEMO-F-181.,FAKE
An anonymous social media account claims that the examination paper was leaked nationwide before the examination. Reference code DEMO-F-052.,FAKE
A viral WhatsApp message claims that every student will automatically receive 100 marks without taking the examination. Reference code DEMO-F-241.,FAKE
A viral post says the government will secretly cancel all examinations tomorrow without publishing an official notice. Reference code DEMO-F-013.,FAKE
A forwarded message claims that students can guarantee admission by paying a special unofficial fee. Reference code DEMO-F-154.,FAKE
A forwarded message claims that students can guarantee admission by paying a special unofficial fee. Reference code DEMO-F-084.,FAKE
The examination authority published the official examination schedule and instructions for candidates. Reference code DEMO-R-226.,REAL
A viral post says the government will secretly cancel all examinations tomorrow without publishing an official notice. Reference code DEMO-F-238.,FAKE
The examination authority published the official examination schedule and instructions for candidates. Reference code DEMO-R-206.,REAL
A viral WhatsApp message claims that every student will automatically receive 100 marks without taking the examination. Reference code DEMO-F-111.,FAKE
The election authority issued a public notice describing the dates and procedures for the upcoming election. Reference code DEMO-R-209.,REAL
A viral post says the government will secretly cancel all examinations tomorrow without publishing an official notice. Reference code DEMO-F-053.,FAKE
A viral WhatsApp message claims that every student will automatically receive 100 marks without taking the examination. Reference code DEMO-F-186.,FAKE
The examination authority published the official examination schedule and instructions for candidates. Reference code DEMO-R-046.,REAL
The education department released an official notice explaining the examination procedure. Reference code DEMO-R-227.,REAL
The university administration announced the timetable through an official circular. Reference code DEMO-R-085.,REAL
The examination authority published the official examination schedule and instructions for candidates. Reference code DEMO-R-121.,REAL
The education department released an official notice explaining the examination procedure. Reference code DEMO-R-202.,REAL
The university administration announced the timetable through an official circular. Reference code DEMO-R-025.,REAL
The ministry published an advisory on its official website and asked citizens to follow the stated instructions. Reference code DEMO-R-053.,REAL
The election authority issued a public notice describing the dates and procedures for the upcoming election. Reference code DEMO-R-104.,REAL
A forwarded message claims that students can guarantee admission by paying a special unofficial fee. Reference code DEMO-F-124.,FAKE
The examination authority published the official examination schedule and instructions for candidates. Reference code DEMO-R-101.,REAL
The education department released an official notice explaining the examination procedure. Reference code DEMO-R-032.,REAL
A forwarded message claims that students can guarantee admission by paying a special unofficial fee. Reference code DEMO-F-239.,FAKE
A forwarded message claims that students can guarantee admission by paying a special unofficial fee. Reference code DEMO-F-074.,FAKE
The election authority issued a public notice describing the dates and procedures for the upcoming election. Reference code DEMO-R-074.,REAL
A viral post says the government will secretly cancel all examinations tomorrow without publishing an official notice. Reference code DEMO-F-113.,FAKE
A viral WhatsApp message claims that every student will automatically receive 100 marks without taking the examination. Reference code DEMO-F-211.,FAKE
The ministry published an advisory on its official website and asked citizens to follow the stated instructions. Reference code DEMO-R-243.,REAL
A viral WhatsApp message claims that every student will automatically receive 100 marks without taking the examination. Reference code DEMO-F-246.,FAKE
A viral WhatsApp message claims that every student will automatically receive 100 marks without taking the examination. Reference code DEMO-F-226.,FAKE
An unverified post claims a hidden rule will give everyone a perfect score automatically. Reference code DEMO-F-055.,FAKE
The ministry published an advisory on its official website and asked citizens to follow the stated instructions. Reference code DEMO-R-148.,REAL
The examination authority published the official examination schedule and instructions for candidates. Reference code DEMO-R-221.,REAL
A viral WhatsApp message claims that every student will automatically receive 100 marks without taking the examination. Reference code DEMO-F-061.,FAKE
A viral post says the government will secretly cancel all examinations tomorrow without publishing an official notice. Reference code DEMO-F-133.,FAKE
An unverified post claims a hidden rule will give everyone a perfect score automatically. Reference code DEMO-F-085.,FAKE
A viral WhatsApp message claims that every student will automatically receive 100 marks without taking the examination. Reference code DEMO-F-191.,FAKE
The ministry published an advisory on its official website and asked citizens to follow the stated instructions. Reference code DEMO-R-018.,REAL
The university administration announced the timetable through an official circular. Reference code DEMO-R-135.,REAL
The examination authority published the official examination schedule and instructions for candidates. Reference code DEMO-R-016.,REAL
The examination authority published the official examination schedule and instructions for candidates. Reference code DEMO-R-201.,REAL
A viral WhatsApp message claims that every student will automatically receive 100 marks without taking the examination. Reference code DEMO-F-231.,FAKE
The ministry published an advisory on its official website and asked citizens to follow the stated instructions. Reference code DEMO-R-178.,REAL
The education department released an official notice explaining the examination procedure. Reference code DEMO-R-192.,REAL
The examination authority published the official examination schedule and instructions for candidates. Reference code DEMO-R-006.,REAL
An anonymous social media account claims that the examination paper was leaked nationwide before the examination. Reference code DEMO-F-087.,FAKE
The education department released an official notice explaining the examination procedure. Reference code DEMO-R-172.,REAL
A viral post says the government will secretly cancel all examinations tomorrow without publishing an official notice. Reference code DEMO-F-058.,FAKE
An anonymous social media account claims that the examination paper was leaked nationwide before the examination. Reference code DEMO-F-182.,FAKE
A viral WhatsApp message claims that every student will automatically receive 100 marks without taking the examination. Reference code DEMO-F-031.,FAKE
A viral WhatsApp message claims that every student will automatically receive 100 marks without taking the examination. Reference code DEMO-F-116.,FAKE
The ministry published an advisory on its official website and asked citizens to follow the stated instructions. Reference code DEMO-R-133.,REAL
The ministry published an advisory on its official website and asked citizens to follow the stated instructions. Reference code DEMO-R-113.,REAL
The education department released an official notice explaining the examination procedure. Reference code DEMO-R-157.,REAL
The election authority issued a public notice describing the dates and procedures for the upcoming election. Reference code DEMO-R-179.,REAL
An unverified post claims a hidden rule will give everyone a perfect score automatically. Reference code DEMO-F-080.,FAKE
The education department released an official notice explaining the examination procedure. Reference code DEMO-R-052.,REAL
The examination authority published the official examination schedule and instructions for candidates. Reference code DEMO-R-156.,REAL
The education department released an official notice explaining the examination procedure. Reference code DEMO-R-187.,REAL
The ministry published an advisory on its official website and asked citizens to follow the stated instructions. Reference code DEMO-R-173.,REAL
A forwarded message claims that students can guarantee admission by paying a special unofficial fee. Reference code DEMO-F-169.,FAKE
A viral post says the government will secretly cancel all examinations tomorrow without publishing an official notice. Reference code DEMO-F-183.,FAKE
The ministry published an advisory on its official website and asked citizens to follow the stated instructions. Reference code DEMO-R-043.,REAL
A viral WhatsApp message claims that every student will automatically receive 100 marks without taking the examination. Reference code DEMO-F-141.,FAKE
An anonymous social media account claims that the examination paper was leaked nationwide before the examination. Reference code DEMO-F-122.,FAKE
A viral post says the government will secretly cancel all examinations tomorrow without publishing an official notice. Reference code DEMO-F-033.,FAKE
The ministry published an advisory on its official website and asked citizens to follow the stated instructions. Reference code DEMO-R-033.,REAL
The education department released an official notice explaining the examination procedure. Reference code DEMO-R-137.,REAL
An anonymous social media account claims that the examination paper was leaked nationwide before the examination. Reference code DEMO-F-212.,FAKE
The university administration announced the timetable through an official circular. Reference code DEMO-R-125.,REAL
An anonymous social media account claims that the examination paper was leaked nationwide before the examination. Reference code DEMO-F-022.,FAKE
A forwarded message claims that students can guarantee admission by paying a special unofficial fee. Reference code DEMO-F-209.,FAKE
A viral post says the government will secretly cancel all examinations tomorrow without publishing an official notice. Reference code DEMO-F-188.,FAKE
An anonymous social media account claims that the examination paper was leaked nationwide before the examination. Reference code DEMO-F-062.,FAKE
An unverified post claims a hidden rule will give everyone a perfect score automatically. Reference code DEMO-F-015.,FAKE
The education department released an official notice explaining the examination procedure. Reference code DEMO-R-062.,REAL
A forwarded message claims that students can guarantee admission by paying a special unofficial fee. Reference code DEMO-F-079.,FAKE
A viral post says the government will secretly cancel all examinations tomorrow without publishing an official notice. Reference code DEMO-F-178.,FAKE
The examination authority published the official examination schedule and instructions for candidates. Reference code DEMO-R-166.,REAL
An unverified post claims a hidden rule will give everyone a perfect score automatically. Reference code DEMO-F-005.,FAKE
The examination authority published the official examination schedule and instructions for candidates. Reference code DEMO-R-126.,REAL
A viral post says the government will secretly cancel all examinations tomorrow without publishing an official notice. Reference code DEMO-F-083.,FAKE
The election authority issued a public notice describing the dates and procedures for the upcoming election. Reference code DEMO-R-154.,REAL
The examination authority published the official examination schedule and instructions for candidates. Reference code DEMO-R-001.,REAL
A viral WhatsApp message claims that every student will automatically receive 100 marks without taking the examination. Reference code DEMO-F-136.,FAKE
The election authority issued a public notice describing the dates and procedures for the upcoming election. Reference code DEMO-R-139.,REAL
The education department released an official notice explaining the examination procedure. Reference code DEMO-R-042.,REAL
A viral WhatsApp message claims that every student will automatically receive 100 marks without taking the examination. Reference code DEMO-F-096.,FAKE
A forwarded message claims that students can guarantee admission by paying a special unofficial fee. Reference code DEMO-F-174.,FAKE
An anonymous social media account claims that the examination paper was leaked nationwide before the examination. Reference code DEMO-F-237.,FAKE
An unverified post claims a hidden rule will give everyone a perfect score automatically. Reference code DEMO-F-200.,FAKE
An unverified post claims a hidden rule will give everyone a perfect score automatically. Reference code DEMO-F-160.,FAKE
The education department released an official notice explaining the examination procedure. Reference code DEMO-R-077.,REAL
The ministry published an advisory on its official website and asked citizens to follow the stated instructions. Reference code DEMO-R-028.,REAL
An unverified post claims a hidden rule will give everyone a perfect score automatically. Reference code DEMO-F-130.,FAKE
A viral WhatsApp message claims that every student will automatically receive 100 marks without taking the examination. Reference code DEMO-F-046.,FAKE
The election authority issued a public notice describing the dates and procedures for the upcoming election. Reference code DEMO-R-129.,REAL
The examination authority published the official examination schedule and instructions for candidates. Reference code DEMO-R-216.,REAL
A viral WhatsApp message claims that every student will automatically receive 100 marks without taking the examination. Reference code DEMO-F-001.,FAKE
An unverified post claims a hidden rule will give everyone a perfect score automatically. Reference code DEMO-F-230.,FAKE
The examination authority published the official examination schedule and instructions for candidates. Reference code DEMO-R-041.,REAL
The education department released an official notice explaining the examination procedure. Reference code DEMO-R-112.,REAL
A viral WhatsApp message claims that every student will automatically receive 100 marks without taking the examination. Reference code DEMO-F-216.,FAKE
The university administration announced the timetable through an official circular. Reference code DEMO-R-250.,REAL
A viral post says the government will secretly cancel all examinations tomorrow without publishing an official notice. Reference code DEMO-F-228.,FAKE
The university administration announced the timetable through an official circular. Reference code DEMO-R-165.,REAL
The ministry published an advisory on its official website and asked citizens to follow the stated instructions. Reference code DEMO-R-203.,REAL
The election authority issued a public notice describing the dates and procedures for the upcoming election. Reference code DEMO-R-219.,REAL
The university administration announced the timetable through an official circular. Reference code DEMO-R-030.,REAL
A viral post says the government will secretly cancel all examinations tomorrow without publishing an official notice. Reference code DEMO-F-003.,FAKE
An anonymous social media account claims that the examination paper was leaked nationwide before the examination. Reference code DEMO-F-142.,FAKE
The university administration announced the timetable through an official circular. Reference code DEMO-R-065.,REAL
The examination authority published the official examination schedule and instructions for candidates. Reference code DEMO-R-136.,REAL
An unverified post claims a hidden rule will give everyone a perfect score automatically. Reference code DEMO-F-120.,FAKE
A viral post says the government will secretly cancel all examinations tomorrow without publishing an official notice. Reference code DEMO-F-203.,FAKE
A viral post says the government will secretly cancel all examinations tomorrow without publishing an official notice. Reference code DEMO-F-098.,FAKE
A forwarded message claims that students can guarantee admission by paying a special unofficial fee. Reference code DEMO-F-099.,FAKE
The education department released an official notice explaining the examination procedure. Reference code DEMO-R-017.,REAL
A viral post says the government will secretly cancel all examinations tomorrow without publishing an official notice. Reference code DEMO-F-153.,FAKE
A forwarded message claims that students can guarantee admission by paying a special unofficial fee. Reference code DEMO-F-244.,FAKE
The university administration announced the timetable through an official circular. Reference code DEMO-R-230.,REAL
An unverified post claims a hidden rule will give everyone a perfect score automatically. Reference code DEMO-F-215.,FAKE
The university administration announced the timetable through an official circular. Reference code DEMO-R-040.,REAL
The election authority issued a public notice describing the dates and procedures for the upcoming election. Reference code DEMO-R-029.,REAL
The ministry published an advisory on its official website and asked citizens to follow the stated instructions. Reference code DEMO-R-013.,REAL
The election authority issued a public notice describing the dates and procedures for the upcoming election. Reference code DEMO-R-024.,REAL
The education department released an official notice explaining the examination procedure. Reference code DEMO-R-127.,REAL
The examination authority published the official examination schedule and instructions for candidates. Reference code DEMO-R-131.,REAL
The examination authority published the official examination schedule and instructions for candidates. Reference code DEMO-R-036.,REAL
The election authority issued a public notice describing the dates and procedures for the upcoming election. Reference code DEMO-R-194.,REAL
A forwarded message claims that students can guarantee admission by paying a special unofficial fee. Reference code DEMO-F-214.,FAKE
The ministry published an advisory on its official website and asked citizens to follow the stated instructions. Reference code DEMO-R-103.,REAL
The university administration announced the timetable through an official circular. Reference code DEMO-R-150.,REAL
An unverified post claims a hidden rule will give everyone a perfect score automatically. Reference code DEMO-F-110.,FAKE
An unverified post claims a hidden rule will give everyone a perfect score automatically. Reference code DEMO-F-150.,FAKE
The ministry published an advisory on its official website and asked citizens to follow the stated instructions. Reference code DEMO-R-068.,REAL
A viral post says the government will secretly cancel all examinations tomorrow without publishing an official notice. Reference code DEMO-F-138.,FAKE
The ministry published an advisory on its official website and asked citizens to follow the stated instructions. Reference code DEMO-R-238.,REAL
The election authority issued a public notice describing the dates and procedures for the upcoming election. Reference code DEMO-R-064.,REAL
The education department released an official notice explaining the examination procedure. Reference code DEMO-R-247.,REAL
A viral WhatsApp message claims that every student will automatically receive 100 marks without taking the examination. Reference code DEMO-F-221.,FAKE
An anonymous social media account claims that the examination paper was leaked nationwide before the examination. Reference code DEMO-F-037.,FAKE
The ministry published an advisory on its official website and asked citizens to follow the stated instructions. Reference code DEMO-R-118.,REAL
An unverified post claims a hidden rule will give everyone a perfect score automatically. Reference code DEMO-F-165.,FAKE
The education department released an official notice explaining the examination procedure. Reference code DEMO-R-102.,REAL
A viral post says the government will secretly cancel all examinations tomorrow without publishing an official notice. Reference code DEMO-F-128.,FAKE
A viral post says the government will secretly cancel all examinations tomorrow without publishing an official notice. Reference code DEMO-F-168.,FAKE
The election authority issued a public notice describing the dates and procedures for the upcoming election. Reference code DEMO-R-189.,REAL
The examination authority published the official examination schedule and instructions for candidates. Reference code DEMO-R-191.,REAL
A forwarded message claims that students can guarantee admission by paying a special unofficial fee. Reference code DEMO-F-184.,FAKE
The examination authority published the official examination schedule and instructions for candidates. Reference code DEMO-R-146.,REAL
The university administration announced the timetable through an official circular. Reference code DEMO-R-055.,REAL
An anonymous social media account claims that the examination paper was leaked nationwide before the examination. Reference code DEMO-F-017.,FAKE
A forwarded message claims that students can guarantee admission by paying a special unofficial fee. Reference code DEMO-F-069.,FAKE
A viral post says the government will secretly cancel all examinations tomorrow without publishing an official notice. Reference code DEMO-F-103.,FAKE
A viral WhatsApp message claims that every student will automatically receive 100 marks without taking the examination. Reference code DEMO-F-081.,FAKE
The education department released an official notice explaining the examination procedure. Reference code DEMO-R-242.,REAL
A forwarded message claims that students can guarantee admission by paying a special unofficial fee. Reference code DEMO-F-059.,FAKE
The university administration announced the timetable through an official circular. Reference code DEMO-R-015.,REAL
The election authority issued a public notice describing the dates and procedures for the upcoming election. Reference code DEMO-R-084.,REAL
The examination authority published the official examination schedule and instructions for candidates. Reference code DEMO-R-176.,REAL
A forwarded message claims that students can guarantee admission by paying a special unofficial fee. Reference code DEMO-F-234.,FAKE
A viral post says the government will secretly cancel all examinations tomorrow without publishing an official notice. Reference code DEMO-F-143.,FAKE
The education department released an official notice explaining the examination procedure. Reference code DEMO-R-177.,REAL
An unverified post claims a hidden rule will give everyone a perfect score automatically. Reference code DEMO-F-250.,FAKE
The university administration announced the timetable through an official circular. Reference code DEMO-R-070.,REAL
An anonymous social media account claims that the examination paper was leaked nationwide before the examination. Reference code DEMO-F-232.,FAKE
The election authority issued a public notice describing the dates and procedures for the upcoming election. Reference code DEMO-R-119.,REAL
An unverified post claims a hidden rule will give everyone a perfect score automatically. Reference code DEMO-F-205.,FAKE
The ministry published an advisory on its official website and asked citizens to follow the stated instructions. Reference code DEMO-R-248.,REAL
The university administration announced the timetable through an official circular. Reference code DEMO-R-220.,REAL
An anonymous social media account claims that the examination paper was leaked nationwide before the examination. Reference code DEMO-F-137.,FAKE
A forwarded message claims that students can guarantee admission by paying a special unofficial fee. Reference code DEMO-F-044.,FAKE
A viral WhatsApp message claims that every student will automatically receive 100 marks without taking the examination. Reference code DEMO-F-206.,FAKE
A viral WhatsApp message claims that every student will automatically receive 100 marks without taking the examination. Reference code DEMO-F-156.,FAKE
The election authority issued a public notice describing the dates and procedures for the upcoming election. Reference code DEMO-R-019.,REAL
A viral WhatsApp message claims that every student will automatically receive 100 marks without taking the examination. Reference code DEMO-F-166.,FAKE
An unverified post claims a hidden rule will give everyone a perfect score automatically. Reference code DEMO-F-175.,FAKE
The examination authority published the official examination schedule and instructions for candidates. Reference code DEMO-R-236.,REAL
The election authority issued a public notice describing the dates and procedures for the upcoming election. Reference code DEMO-R-069.,REAL
An anonymous social media account claims that the examination paper was leaked nationwide before the examination. Reference code DEMO-F-172.,FAKE
A forwarded message claims that students can guarantee admission by paying a special unofficial fee. Reference code DEMO-F-054.,FAKE
A viral WhatsApp message claims that every student will automatically receive 100 marks without taking the examination. Reference code DEMO-F-091.,FAKE
An unverified post claims a hidden rule will give everyone a perfect score automatically. Reference code DEMO-F-095.,FAKE
An anonymous social media account claims that the examination paper was leaked nationwide before the examination. Reference code DEMO-F-042.,FAKE
The election authority issued a public notice describing the dates and procedures for the upcoming election. Reference code DEMO-R-094.,REAL
A viral post says the government will secretly cancel all examinations tomorrow without publishing an official notice. Reference code DEMO-F-163.,FAKE
The education department released an official notice explaining the examination procedure. Reference code DEMO-R-117.,REAL
The ministry published an advisory on its official website and asked citizens to follow the stated instructions. Reference code DEMO-R-228.,REAL
A forwarded message claims that students can guarantee admission by paying a special unofficial fee. Reference code DEMO-F-224.,FAKE
A viral WhatsApp message claims that every student will automatically receive 100 marks without taking the examination. Reference code DEMO-F-026.,FAKE
The university administration announced the timetable through an official circular. Reference code DEMO-R-240.,REAL
The ministry published an advisory on its official website and asked citizens to follow the stated instructions. Reference code DEMO-R-223.,REAL
The university administration announced the timetable through an official circular. Reference code DEMO-R-075.,REAL
A viral post says the government will secretly cancel all examinations tomorrow without publishing an official notice. Reference code DEMO-F-198.,FAKE
The election authority issued a public notice describing the dates and procedures for the upcoming election. Reference code DEMO-R-059.,REAL
The university administration announced the timetable through an official circular. Reference code DEMO-R-170.,REAL
An anonymous social media account claims that the examination paper was leaked nationwide before the examination. Reference code DEMO-F-012.,FAKE
A viral post says the government will secretly cancel all examinations tomorrow without publishing an official notice. Reference code DEMO-F-018.,FAKE
The examination authority published the official examination schedule and instructions for candidates. Reference code DEMO-R-181.,REAL
The university administration announced the timetable through an official circular. Reference code DEMO-R-050.,REAL
A viral post says the government will secretly cancel all examinations tomorrow without publishing an official notice. Reference code DEMO-F-148.,FAKE
A viral post says the government will secretly cancel all examinations tomorrow without publishing an official notice. Reference code DEMO-F-093.,FAKE
The election authority issued a public notice describing the dates and procedures for the upcoming election. Reference code DEMO-R-159.,REAL
A viral WhatsApp message claims that every student will automatically receive 100 marks without taking the examination. Reference code DEMO-F-161.,FAKE
The ministry published an advisory on its official website and asked citizens to follow the stated instructions. Reference code DEMO-R-213.,REAL
The examination authority published the official examination schedule and instructions for candidates. Reference code DEMO-R-076.,REAL
The education department released an official notice explaining the examination procedure. Reference code DEMO-R-142.,REAL
The examination authority published the official examination schedule and instructions for candidates. Reference code DEMO-R-021.,REAL
An anonymous social media account claims that the examination paper was leaked nationwide before the examination. Reference code DEMO-F-097.,FAKE
An anonymous social media account claims that the examination paper was leaked nationwide before the examination. Reference code DEMO-F-032.,FAKE
The ministry published an advisory on its official website and asked citizens to follow the stated instructions. Reference code DEMO-R-138.,REAL
A viral post says the government will secretly cancel all examinations tomorrow without publishing an official notice. Reference code DEMO-F-118.,FAKE
An anonymous social media account claims that the examination paper was leaked nationwide before the examination. Reference code DEMO-F-187.,FAKE
The education department released an official notice explaining the examination procedure. Reference code DEMO-R-012.,REAL
An anonymous social media account claims that the examination paper was leaked nationwide before the examination. Reference code DEMO-F-207.,FAKE
A viral post says the government will secretly cancel all examinations tomorrow without publishing an official notice. Reference code DEMO-F-068.,FAKE
An unverified post claims a hidden rule will give everyone a perfect score automatically. Reference code DEMO-F-155.,FAKE
The election authority issued a public notice describing the dates and procedures for the upcoming election. Reference code DEMO-R-089.,REAL
An anonymous social media account claims that the examination paper was leaked nationwide before the examination. Reference code DEMO-F-217.,FAKE
An anonymous social media account claims that the examination paper was leaked nationwide before the examination. Reference code DEMO-F-092.,FAKE
An unverified post claims a hidden rule will give everyone a perfect score automatically. Reference code DEMO-F-025.,FAKE
The ministry published an advisory on its official website and asked citizens to follow the stated instructions. Reference code DEMO-R-098.,REAL
The examination authority published the official examination schedule and instructions for candidates. Reference code DEMO-R-241.,REAL
The examination authority published the official examination schedule and instructions for candidates. Reference code DEMO-R-246.,REAL
The education department released an official notice explaining the examination procedure. Reference code DEMO-R-087.,REAL
The examination authority published the official examination schedule and instructions for candidates. Reference code DEMO-R-196.,REAL
The examination authority published the official examination schedule and instructions for candidates. Reference code DEMO-R-056.,REAL
An unverified post claims a hidden rule will give everyone a perfect score automatically. Reference code DEMO-F-040.,FAKE
The ministry published an advisory on its official website and asked citizens to follow the stated instructions. Reference code DEMO-R-233.,REAL
The ministry published an advisory on its official website and asked citizens to follow the stated instructions. Reference code DEMO-R-088.,REAL
An anonymous social media account claims that the examination paper was leaked nationwide before the examination. Reference code DEMO-F-242.,FAKE
A forwarded message claims that students can guarantee admission by paying a special unofficial fee. Reference code DEMO-F-179.,FAKE
A viral WhatsApp message claims that every student will automatically receive 100 marks without taking the examination. Reference code DEMO-F-041.,FAKE
The education department released an official notice explaining the examination procedure. Reference code DEMO-R-207.,REAL
The university administration announced the timetable through an official circular. Reference code DEMO-R-195.,REAL
An anonymous social media account claims that the examination paper was leaked nationwide before the examination. Reference code DEMO-F-002.,FAKE
A viral post says the government will secretly cancel all examinations tomorrow without publishing an official notice. Reference code DEMO-F-223.,FAKE
The ministry published an advisory on its official website and asked citizens to follow the stated instructions. Reference code DEMO-R-208.,REAL
The education department released an official notice explaining the examination procedure. Reference code DEMO-R-072.,REAL
A viral WhatsApp message claims that every student will automatically receive 100 marks without taking the examination. Reference code DEMO-F-151.,FAKE
An unverified post claims a hidden rule will give everyone a perfect score automatically. Reference code DEMO-F-115.,FAKE
The education department released an official notice explaining the examination procedure. Reference code DEMO-R-057.,REAL
The ministry published an advisory on its official website and asked citizens to follow the stated instructions. Reference code DEMO-R-108.,REAL
The election authority issued a public notice describing the dates and procedures for the upcoming election. Reference code DEMO-R-244.,REAL
An unverified post claims a hidden rule will give everyone a perfect score automatically. Reference code DEMO-F-180.,FAKE
The education department released an official notice explaining the examination procedure. Reference code DEMO-R-167.,REAL
The election authority issued a public notice describing the dates and procedures for the upcoming election. Reference code DEMO-R-184.,REAL
A viral WhatsApp message claims that every student will automatically receive 100 marks without taking the examination. Reference code DEMO-F-051.,FAKE
A forwarded message claims that students can guarantee admission by paying a special unofficial fee. Reference code DEMO-F-144.,FAKE
An anonymous social media account claims that the examination paper was leaked nationwide before the examination. Reference code DEMO-F-007.,FAKE
The university administration announced the timetable through an official circular. Reference code DEMO-R-155.,REAL
The university administration announced the timetable through an official circular. Reference code DEMO-R-130.,REAL
An unverified post claims a hidden rule will give everyone a perfect score automatically. Reference code DEMO-F-060.,FAKE
A viral WhatsApp message claims that every student will automatically receive 100 marks without taking the examination. Reference code DEMO-F-056.,FAKE
A forwarded message claims that students can guarantee admission by paying a special unofficial fee. Reference code DEMO-F-024.,FAKE
A viral post says the government will secretly cancel all examinations tomorrow without publishing an official notice. Reference code DEMO-F-008.,FAKE
The election authority issued a public notice describing the dates and procedures for the upcoming election. Reference code DEMO-R-009.,REAL
The election authority issued a public notice describing the dates and procedures for the upcoming election. Reference code DEMO-R-109.,REAL
The education department released an official notice explaining the examination procedure. Reference code DEMO-R-152.,REAL
The ministry published an advisory on its official website and asked citizens to follow the stated instructions. Reference code DEMO-R-023.,REAL
An unverified post claims a hidden rule will give everyone a perfect score automatically. Reference code DEMO-F-140.,FAKE
The election authority issued a public notice describing the dates and procedures for the upcoming election. Reference code DEMO-R-229.,REAL
The election authority issued a public notice describing the dates and procedures for the upcoming election. Reference code DEMO-R-249.,REAL
The election authority issued a public notice describing the dates and procedures for the upcoming election. Reference code DEMO-R-174.,REAL
The education department released an official notice explaining the examination procedure. Reference code DEMO-R-027.,REAL
A forwarded message claims that students can guarantee admission by paying a special unofficial fee. Reference code DEMO-F-189.,FAKE
A viral WhatsApp message claims that every student will automatically receive 100 marks without taking the examination. Reference code DEMO-F-036.,FAKE
The ministry published an advisory on its official website and asked citizens to follow the stated instructions. Reference code DEMO-R-058.,REAL
A viral post says the government will secretly cancel all examinations tomorrow without publishing an official notice. Reference code DEMO-F-063.,FAKE
The examination authority published the official examination schedule and instructions for candidates. Reference code DEMO-R-071.,REAL
An unverified post claims a hidden rule will give everyone a perfect score automatically. Reference code DEMO-F-190.,FAKE
The education department released an official notice explaining the examination procedure. Reference code DEMO-R-007.,REAL
A forwarded message claims that students can guarantee admission by paying a special unofficial fee. Reference code DEMO-F-029.,FAKE
A forwarded message claims that students can guarantee admission by paying a special unofficial fee. Reference code DEMO-F-164.,FAKE
